Name,F1,Precision,Recall,Accuracy
Self Attention,0.8048192771084337,0.8480744815911976,0.7657623232709209,0.8403940886699507
