Name,F1,Precision,Recall,Accuracy
General Attention,0.8842443729903537,0.9325985587113184,0.8406572411157814,0.9054187192118227
