Name,F1,Precision,Recall,Accuracy
Transformer,0.840227088402271,0.8950323974082074,0.7917462743599541,0.870607553366174
