Name,F1,Precision,Recall,Accuracy
BERT,0.02359012163656469,0.3333333333333333,0.01222774168895682,0.5650246305418719
