{"None": 0.6666666666666666, "famine": 0.6666666666666666, "fatalities": 0.6388888888888888, "windstorm": 0.4, "harm": 0.05714285714285714, "evacuate": 0.6764705882352942, "hazardous": 0.6176470588235294, "body%20bags": 0.029411764705882353, "damage": 0.5, "explosion": 0.5588235294117647, "flames": 0.29411764705882354, "siren": 0.14705882352941177, "fatality": 0.2727272727272727, "twister": 0.12121212121212122, "hostages": 0.696969696969697, "armageddon": 0.09090909090909091, "deaths": 0.6363636363636364, "sinking": 0.15151515151515152, "drowned": 0.42424242424242425, "upheaval": 0.15151515151515152, "police": 0.59375, "earthquake": 0.8125, "catastrophe": 0.21875, "wrecked": 0.03125, "explode": 0.0625, "flooding": 0.625, "ambulance": 0.53125, "collision": 0.71875, "wounded": 0.75, "hurricane": 0.5, "weapon": 0.375, "injury": 0.25, "demolish": 0.12903225806451613, "fatal": 0.6774193548387096, "emergency": 0.3870967741935484, "derailed": 0.6451612903225806, "quarantined": 0.3870967741935484, "wounds": 0.3225806451612903, "dust%20storm": 0.6774193548387096, "deluge": 0.0967741935483871, "rescued": 0.5161290322580645, "attacked": 0.5483870967741935, "fear": 0.12903225806451613, "sinkhole": 0.6774193548387096, "demolition": 0.25806451612903225, "oil%20spill": 1.0, "blazing": 0.03333333333333333, "displaced": 0.7333333333333333, "typhoon": 0.9666666666666667, "flattened": 0.13333333333333333, "suicide%20bomb": 0.9, "death": 0.23333333333333334, "crashed": 0.6666666666666666, "desolation": 0.23333333333333334, "blizzard": 0.06666666666666667, "burning%20buildings": 0.6333333333333333, "bioterror": 0.5666666666666667, "weapons": 0.36666666666666664, "bombed": 0.5333333333333333, "flood": 0.4, "thunder": 0.36666666666666664, "engulfed": 0.5, "casualties": 0.7666666666666667, "danger": 0.23333333333333334, "casualty": 0.4666666666666667, "blood": 0.1724137931034483, "floods": 0.7241379310344828, "rioting": 0.6551724137931034, "evacuated": 0.896551724137931, "tragedy": 0.5862068965517241, "lightning": 0.5172413793103449, "ruin": 0.034482758620689655, "pandemonium": 0.2413793103448276, "buildings%20burning": 0.7241379310344828, "emergency%20plan": 0.5862068965517241, "hellfire": 0.20689655172413793, "bleeding": 0.13793103448275862, "eyewitness": 0.3793103448275862, "ablaze": 0.41379310344827586, "attack": 0.6551724137931034, "fire%20truck": 0.6206896551724138, "fire": 0.27586206896551724, "devastation": 0.7586206896551724, "collapse": 0.4482758620689655, "destroy": 0.2413793103448276, "massacre": 0.7241379310344828, "debris": 1.0, "whirlwind": 0.3793103448275862, "detonate": 0.2413793103448276, "disaster": 0.3793103448275862, "hailstorm": 0.7586206896551724, "storm": 0.5357142857142857, "inundated": 0.17857142857142858, "destroyed": 0.21428571428571427, "derailment": 1.0, "sunk": 0.17857142857142858, "collide": 0.10714285714285714, "crash": 0.2857142857142857, "hazard": 0.21428571428571427, "buildings%20on%20fire": 0.8214285714285714, "bloody": 0.03571428571428571, "cliff%20fall": 0.25, "hijack": 0.5, "annihilated": 0.32142857142857145, "hail": 0.5357142857142857, "emergency%20services": 0.32142857142857145, "wildfire": 0.8571428571428571, "drown": 0.07142857142857142, "natural%20disaster": 0.5, "rainstorm": 0.5357142857142857, "screamed": 0.10714285714285714, "hijacker": 0.5714285714285714, "curfew": 0.17857142857142858, "evacuation": 0.75, "stretcher": 0.03571428571428571, "injured": 0.6785714285714286, "bridge%20collapse": 0.7857142857142857, "survived": 0.37037037037037035, "avalanche": 0.07407407407407407, "aftershock": 0, "sirens": 0.2222222222222222, "apocalypse": 0.3333333333333333, "cyclone": 0.5925925925925926, "panic": 0.1111111111111111, "trauma": 0.37037037037037035, "landslide": 0.48148148148148145, "army": 0.1111111111111111, "traumatised": 0.037037037037037035, "blown%20up": 0.14814814814814814, "outbreak": 1.0, "wreckage": 1.0, "burning": 0.3333333333333333, "hostage": 0.4074074074074074, "blaze": 0.14814814814814814, "electrocute": 0.037037037037037035, "meltdown": 0.14814814814814814, "airplane%20accident": 0.8148148148148148, "bomb": 0.5185185185185185, "razed": 0.8518518518518519, "drought": 0.7407407407407407, "wreck": 0.2222222222222222, "mudslide": 0.3076923076923077, "arson": 0.6923076923076923, "rescuers": 0.8846153846153846, "obliterated": 0.15384615384615385, "trapped": 0.23076923076923078, "tsunami": 0.38461538461538464, "thunderstorm": 0.8076923076923077, "bioterrorism": 0.6923076923076923, "terrorism": 0.6923076923076923, "nuclear%20reactor": 0.4230769230769231, "quarantine": 0.15384615384615385, "forest%20fires": 0.8076923076923077, "accident": 0.6538461538461539, "derail": 0.46153846153846156, "military": 0.3076923076923077, "sandstorm": 0.7692307692307693, "nuclear%20disaster": 0.9230769230769231, "injuries": 0.15384615384615385, "destruction": 0.19230769230769232, "violent%20storm": 0.7692307692307693, "smoke": 0.07692307692307693, "screaming": 0.08, "drowning": 0.28, "first%20responders": 0.44, "chemical%20emergency": 0.52, "crushed": 0.12, "blew%20up": 0.08, "catastrophic": 0.6, "arsonist": 0.28, "screams": 0.16, "volcano": 0.68, "loud%20bang": 0.24, "demolished": 0.24, "terrorist": 0.72, "mass%20murder": 0.88, "trouble": 0.16, "body%20bag": 0.04, "body%20bagging": 0.16, "collapsed": 0.4, "seismic": 0.4583333333333333, "obliterate": 0.16666666666666666, "mass%20murderer": 0.6666666666666666, "tornado": 0.4583333333333333, "crush": 0.08333333333333333, "burned": 0.25, "obliteration": 0.16666666666666666, "devastated": 0.5833333333333334, "suicide%20bombing": 0.9583333333333334, "survivors": 0.6666666666666666, "blight": 0.08333333333333333, "refugees": 0.5833333333333334, "dead": 0.20833333333333334, "structural%20failure": 0.7083333333333334, "exploded": 0.2916666666666667, "lava": 0.16666666666666666, "survive": 0.20833333333333334, "electrocuted": 0.3333333333333333, "panicking": 0.08695652173913043, "suicide%20bomber": 1.0, "bombing": 0.9130434782608695, "mayhem": 0.13043478260869565, "riot": 0.21739130434782608, "battle": 0.17391304347826086, "collided": 0.4782608695652174, "hijacking": 0.5454545454545454, "deluged": 0.2727272727272727, "heat%20wave": 0.7272727272727273, "snowstorm": 0.3333333333333333, "annihilation": 0.3333333333333333, "desolate": 0.19047619047619047, "wild%20fires": 0.9047619047619048, "detonation": 0.38095238095238093, "rubble": 0.4, "rescue": 0.2631578947368421, "forest%20fire": 0.8235294117647058, "bush%20fires": 0.7647058823529411, "war%20zone": 0.1875, "epicentre": 0.1111111111111111, "threat": 0.125, "radiation%20emergency": 0.5, "inundation": 0.14285714285714285}